ID;gebruikersnaam;wachtwoord
1;mmackibbon0;ESXyyX
2;cwetherell1;HihoO4qtVipj
3;blatan2;Izs9Uqz
4;ccandwell3;idWieH
5;hgiovannazzi4;2LgU8RstXt
6;ntordiffe5;dGkdLjF4I
7;lgolding6;03vFKhiRbS
8;rbrogioni7;pZ7QDgHPcRlw
9;dmudge8;guOMjc
10;eheims9;CsgRUyu
11;escraftona;qLGZe9ure
12;mprittyb;XrooU6Ko2GJ
13;sgreedyerc;WyfaSCFqx1eE
14;kguillartd;gBkSGxV9RT
15;cdanicke;Nlnetk
16;ecakebreadf;Wv83K3
17;hrushmang;dzEOagzOOa
18;ckiffeh;RVg1FrE
19;arousbyi;W0L9zvWZ
20;fkemblej;FtKnIvZ
21;ajouannink;F3AQx9GwwK
22;mwillinghaml;C4QSUo8a4
23;jbeginm;mpLYyP
24;sgouldstrawn;GxQUAEQOsNSP
25;ccoreyo;sdnuy4ew7FSQ
26;icotesfordp;wV7uKa
27;dwesleyq;MT3IBIg
28;adominecr;3vjbnynRpPo
29;esodorys;gMVNEBM0jD1
30;mhoulstont;O9NmzpC2Liy
31;gruppeliu;xSMN8N
32;dvedyashkinv;igXwGpCA
33;dfrigoutw;iMSyOJ
34;nallderx;0ULg6L0B8
35;rtremayney;QIHWZNU47aRH
36;crobbiez;vHIvHn1g
37;rkelk10;QXn1dFk7ObY9
38;madhams11;GUftwK0EMWc
39;bgorner12;ZG10M2VK
40;sbetty13;wUbwYBWcN6
41;cbachshell14;TM2RrwM
42;hbrammer15;33MAkjMAj
43;gcallicott16;r27eRcQl2W8
44;schessel17;c8qyf7
45;eportam18;PuMDXTS
46;bdankersley19;g8NIR5fFqELa
47;tboldra1a;86EwBjysDC
48;eaggett1b;7jPY9hSw
49;fangrave1c;9zVghTHVEU
50;hbilsland1d;bISXRTFhsfs
51;kpatchett1e;pIc1hFmEN
52;edumphrey1f;iMq0EIs
53;tskeates1g;ta5v7G7cQ
54;fdoblin1h;cm9FXY9eZCig
55;cbardnam1i;4bkjWk5
56;emeah1j;U9kxK7ys
57;jangier1k;S6W4ofAeURr
58;bheinschke1l;9Oyzsf
59;croadknight1m;3mVbvW
60;tblackledge1n;iOefoM9IKRM
61;casprey1o;Ig0U1N
62;broff1p;ZB9CpFTfOXq6
63;baspinall1q;owK8zpWjWWMF
64;hblewitt1r;YLb4EoUVfQx
65;mvoller1s;q4Qlqp2
66;wmulvy1t;6fuuHrDuEP
67;nelderkin1u;Ro18KJUfZgDK
68;wsalt1v;pEmYVk3AEcv4
69;bkollatsch1w;1ovDyAjv8Brj
70;jhatzar1x;BrkHTOdfdgC
71;gsugge1y;4F5giTSSEwn
72;mpenberthy1z;jlZ1k2v
73;jsweedland20;IePfXR
74;sost21;NVUbW6GJ
75;tdurtnal22;Goweu0hi
76;mgarces23;7962rG
77;nacosta24;0QSLlU
78;caveyard25;FbTcLFM
79;rarro26;WCRWfxfLKiU
80;gtonbye27;gj34ev
81;vmurrison28;kfrAUvV
82;pseivertsen29;fxcG7FioEz
83;cmcgrath2a;9zBSIdowpp
84;bhoffner2b;NkOuTj4
85;nbyford2c;aQ3NVsW
86;jjirsa2d;mS1k0egkRT
87;sbraganca2e;HYWVNZVa4S
88;swoodroff2f;3PEf8JKZyv
89;aluca2g;H3frUYQS
90;mandress2h;yZf8GADpDb4T
91;balvarado2i;bEWXGH
92;tbalharry2j;oUp6NdMDr9a
93;owotton2k;LWIN9GoQdpHw
94;vsquibe2l;YlDLujzb
95;athomlinson2m;v4V13YDKz
96;kdegogay2n;YFBzCoY
97;ewebsdale2o;7NFomW7ywDM
98;dblundel2p;xw1REe5RSF2V
99;cspendlove2q;aZmwmrrSPjm
100;cbotly2r;qifq3e